{"train_loss": [0.03016786424407534, -1.9599064540141706, 21.43335850793085, -2.656079890431872, -3.9794390599249274, -5.362247079041354, -6.166181839527978, -7.380226451120559, -8.473703420845567, -9.413909213558124], "val_loss": [0.2839984009042382, -3.77657213807106, -2.436637982726097, 0.13554573711007833, -5.012949824333191, -5.232210218906403, -6.144760698080063, -7.577416658401489, -8.944456577301025, -9.800086081027985], "kl_loss": [5.883744657039642, 3.2637554109096527, 0.9282043762505054, 0.8305074907839298, 0.6872111298143864, 0.66981440782547, 0.6219453625380993, 0.6019793450832367, 0.5867924690246582, 0.5634743198752403], "recon_loss": [0.22516095568425953, -3.889171674847603, -2.491402044892311, 0.0661983638710808, -5.087168604135513, -5.320960581302643, -6.242406129837036, -7.686675876379013, -9.065335869789124, -9.929966926574707]}