{
  "accuracy": 90.4,
  "report": {
    "cat": {
      "precision": 0.9130434782608695,
      "recall": 0.84,
      "f1-score": 0.8749999999999999,
      "support": 100.0
    },
    "dog": {
      "precision": 0.8446601941747572,
      "recall": 0.87,
      "f1-score": 0.8571428571428571,
      "support": 100.0
    },
    "fish": {
      "precision": 0.8807339449541285,
      "recall": 0.96,
      "f1-score": 0.9186602870813397,
      "support": 100.0
    },
    "bird": {
      "precision": 0.9072164948453608,
      "recall": 0.88,
      "f1-score": 0.8934010152284264,
      "support": 100.0
    },
    "apple": {
      "precision": 0.9797979797979798,
      "recall": 0.97,
      "f1-score": 0.9748743718592964,
      "support": 100.0
    },
    "accuracy": 0.904,
    "macro avg": {
      "precision": 0.9050904184066191,
      "recall": 0.9039999999999999,
      "f1-score": 0.9038157062623838,
      "support": 500.0
    },
    "weighted avg": {
      "precision": 0.9050904184066193,
      "recall": 0.904,
      "f1-score": 0.9038157062623838,
      "support": 500.0
    }
  },
  "confusion_matrix": [
    [
      84,
      9,
      4,
      2,
      1
    ],
    [
      6,
      87,
      4,
      3,
      0
    ],
    [
      0,
      0,
      96,
      4,
      0
    ],
    [
      2,
      5,
      4,
      88,
      1
    ],
    [
      0,
      2,
      1,
      0,
      97
    ]
  ]
}