{"train_loss": [0.7751207277178764, 0.4901364631950855, 0.38021164014935493, 0.33089658555885154, 0.24347593697408834, 0.2201607134193182, 0.17512916090587774, 0.13976061157882214, 0.11731188821916778, 0.09972760220989585], "train_acc": [69.2, 82.2, 87.06666666666666, 88.73333333333333, 90.86666666666666, 91.13333333333334, 93.4, 95.2, 95.53333333333333, 96.66666666666667], "val_loss": [1.5491129336878657, 1.0391793809831142, 0.3824882097542286, 0.45094837062060833, 0.33133331255521625, 0.3959296438843012, 0.2749220817349851, 0.2886310168541968, 0.28274434339255095, 0.2752968417480588], "val_acc": [51.4, 75.6, 86.4, 83.6, 88.6, 88.4, 90.2, 91.0, 91.0, 91.0]}